{
  "experiment": "case_f_vci_ablation",
  "case": "P1-F",
  "description": "VCI degradation chain on synthetic constrained set",
  "n_tasks": 30,
  "budget_steps": 150,
  "summary": {
    "vci-0": {
      "mode": "vci-0",
      "feasible_rate": 1.0,
      "exact_match_rate": 0.8666666666666667,
      "mean_jaccard": 0.9166666666666666,
      "mean_F": -5.271951270816396,
      "mean_time_s": 1.9842983844379582e-05,
      "mean_rounds": 1.0,
      "steps_per_round": 0,
      "mean_pbit_steps": 0.0,
      "llm_calls": 1
    },
    "vci-1": {
      "mode": "vci-1",
      "feasible_rate": 1.0,
      "exact_match_rate": 0.3,
      "mean_jaccard": 0.4922222222222223,
      "mean_F": -15.10013314955026,
      "mean_time_s": 0.0167788125652199,
      "mean_rounds": 1.0,
      "steps_per_round": 150,
      "mean_pbit_steps": 150.0,
      "llm_calls": 1
    },
    "vci-2": {
      "mode": "vci-2",
      "feasible_rate": 1.0,
      "exact_match_rate": 0.4,
      "mean_jaccard": 0.5811111111111111,
      "mean_F": -15.236025120069648,
      "mean_time_s": 0.009524722343000273,
      "mean_rounds": 1.0666666666666667,
      "steps_per_round": 75,
      "mean_pbit_steps": 80.0,
      "llm_calls": 1
    },
    "vci-full": {
      "mode": "vci-full",
      "feasible_rate": 1.0,
      "exact_match_rate": 0.4,
      "mean_jaccard": 0.5811111111111111,
      "mean_F": -15.236025120069648,
      "mean_time_s": 0.010778837511315942,
      "mean_rounds": 1.0666666666666667,
      "steps_per_round": 75,
      "mean_pbit_steps": 80.0,
      "llm_calls": 1
    }
  }
}