{
  "profile": "smoke",
  "n_tasks": 10,
  "spearman_snr": -0.3233082706766912,
  "spearman_snr_pvalue": NaN,
  "spearman_proxy": -0.3233082706766912,
  "mean_abs_lam_err": 0.20081046232112812,
  "mean_feas_delta_proxy_minus_oracle": 0.06666666666666665,
  "loss_by_sigma": [
    {
      "sigma": 0.0,
      "feas_proxy": 1.0,
      "feas_oracle": 0.9,
      "delta": 0.09999999999999998
    },
    {
      "sigma": 0.4,
      "feas_proxy": 1.0,
      "feas_oracle": 1.0,
      "delta": 0.0
    },
    {
      "sigma": 0.8,
      "feas_proxy": 1.0,
      "feas_oracle": 0.9,
      "delta": 0.09999999999999998
    }
  ],
  "n_records": 30
}