{
  "profile": "smoke",
  "n_tasks": 10,
  "budget_steps": 100,
  "monotone_fraction": 1.0,
  "mean_final_F": -15.259661836121733,
  "mean_delta_F": 8.97223536698507,
  "trajectories": [
    [
      -8.58786108467438,
      -17.387861084674377
    ],
    [
      -7.307345927550793,
      -17.032889296185516
    ],
    [
      -6.570519841430665,
      -19.23969339988642
    ],
    [
      -5.504753278159233,
      -13.43503747728125
    ],
    [
      -6.524834239912617,
      -15.573974432740346
    ],
    [
      -5.4699048700785795,
      -16.81503538461129
    ],
    [
      -7.610149470064538,
      -13.619132354823964
    ],
    [
      -5.899906787434714,
      -11.294188622533518
    ],
    [
      -5.065988384527348,
      -13.703558100421727
    ],
    [
      -4.3330008075338124,
      -14.495248208058939
    ]
  ]
}