{
  "experiment": "sampler_ablation",
  "steps": 150,
  "summary": {
    "gibbs": {
      "feasible_rate": 0.625,
      "mean_energy": 2.8435096315688595,
      "mean_time_s": 0.002345646859612316,
      "win_rate_vs_gibbs": null
    },
    "parallel_tempering": {
      "feasible_rate": 0.925,
      "mean_energy": -14.417222691272588,
      "mean_time_s": 0.014324487396515906,
      "win_rate_vs_gibbs": 0.95
    },
    "sa_sync": {
      "feasible_rate": 0.75,
      "mean_energy": -3.063278890398889,
      "mean_time_s": 0.0012073457706719636,
      "win_rate_vs_gibbs": null
    }
  }
}