{
  "experiment": "case_f_vci_ablation",
  "case": "P1-F",
  "description": "VCI degradation chain on synthetic constrained set",
  "n_tasks": 200,
  "budget_steps": 400,
  "summary": {
    "vci-0": {
      "mode": "vci-0",
      "feasible_rate": 0.97,
      "exact_match_rate": 0.805,
      "mean_jaccard": 0.8825,
      "mean_F": -5.225233992094095,
      "mean_time_s": 9.216957725584507e-05,
      "mean_rounds": 1.0,
      "steps_per_round": 0,
      "mean_pbit_steps": 0.0,
      "llm_calls": 1
    },
    "vci-1": {
      "mode": "vci-1",
      "feasible_rate": 0.995,
      "exact_match_rate": 0.195,
      "mean_jaccard": 0.43066666666666664,
      "mean_F": -15.726985004101584,
      "mean_time_s": 0.13183789637871088,
      "mean_rounds": 1.0,
      "steps_per_round": 400,
      "mean_pbit_steps": 400.0,
      "llm_calls": 1
    },
    "vci-2": {
      "mode": "vci-2",
      "feasible_rate": 1.0,
      "exact_match_rate": 0.17,
      "mean_jaccard": 0.4138333333333333,
      "mean_F": -15.459359186143647,
      "mean_time_s": 0.061287853391841056,
      "mean_rounds": 1.025,
      "steps_per_round": 200,
      "mean_pbit_steps": 204.99999999999997,
      "llm_calls": 1
    },
    "vci-full": {
      "mode": "vci-full",
      "feasible_rate": 1.0,
      "exact_match_rate": 0.17,
      "mean_jaccard": 0.4138333333333333,
      "mean_F": -15.459359186143647,
      "mean_time_s": 0.061332801375538114,
      "mean_rounds": 1.025,
      "steps_per_round": 200,
      "mean_pbit_steps": 204.99999999999997,
      "llm_calls": 1
    }
  }
}