{
  "profile": "smoke",
  "n_tasks": 8,
  "budget_steps": 80,
  "lambdas": [
    0.0,
    0.5,
    1.0,
    1.5
  ],
  "rows": [
    {
      "sigma": 0.2,
      "snr_mean": 47.31917442201142,
      "lambdas": [
        0.0,
        0.5,
        1.0,
        1.5
      ],
      "gains": [
        -0.125,
        -0.125,
        0.0,
        -0.125
      ],
      "feasible_rates": [
        0.875,
        0.875,
        1.0,
        0.875
      ],
      "u0": 1.0,
      "lam_star_emp": 1.0,
      "lam_star_theory": 0.9793042821620632,
      "gain_at_emp_star": 0.0
    },
    {
      "sigma": 0.5,
      "snr_mean": 7.571067907548327,
      "lambdas": [
        0.0,
        0.5,
        1.0,
        1.5
      ],
      "gains": [
        -0.125,
        -0.125,
        -0.125,
        -0.125
      ],
      "feasible_rates": [
        0.875,
        0.875,
        0.875,
        0.875
      ],
      "u0": 1.0,
      "lam_star_emp": 0.0,
      "lam_star_theory": 0.8833284240906172,
      "gain_at_emp_star": -0.125
    },
    {
      "sigma": 1.0,
      "snr_mean": 1.8927669768880284,
      "lambdas": [
        0.0,
        0.5,
        1.0,
        1.5
      ],
      "gains": [
        -0.125,
        -0.125,
        -0.125,
        -0.125
      ],
      "feasible_rates": [
        0.875,
        0.875,
        0.875,
        0.875
      ],
      "u0": 1.0,
      "lam_star_emp": 0.0,
      "lam_star_theory": 0.6543102130280204,
      "gain_at_emp_star": -0.125
    }
  ],
  "mean_abs_err_lam_star": 0.5194447849855247
}